{
  "runs": 100,
  "successes": 98,
  "success_rate": 0.98,
  "mean_iterations": 1356.99,
  "standard_deviation_iterations": 1438.990032290114,
  "mean_seconds": 0.039443058000179006,
  "standard_deviation_seconds": 0.041922059101352695,
  "best_fitness": 28,
  "worst_fitness": 27,
  "best_iterations": 522,
  "worst_iterations": 10000
}