{
  "runs": 100,
  "successes": 98,
  "success_rate": 0.98,
  "mean_iterations": 1356.99,
  "standard_deviation_iterations": 1438.990032290114,
  "mean_seconds": 0.038138141999879735,
  "standard_deviation_seconds": 0.0400765686237258,
  "best_fitness": 28,
  "worst_fitness": 27,
  "best_iterations": 522,
  "worst_iterations": 10000
}